{
  "main": {
    "id": "5324373015726ba8",
    "type": "split",
    "children": [
      {
        "id": "4509724f8bf84da7",
        "type": "tabs",
        "children": [
          {
            "id": "727a1b40b5e125b8",
            "type": "leaf",
            "pane-relief:history-v1": {
              "pos": 0,
              "stack": [
                {
                  "state": "{}",
                  "eState": "{}"
                },
                {
                  "title": "Notepad",
                  "icon": "lucide-file",
                  "state": "{\"type\":\"markdown\",\"state\":{\"file\":\"100 Utilities/110 Reference Notes/112 Pads/Notepad.md\",\"mode\":\"source\",\"source\":true},\"icon\":\"lucide-file\",\"title\":\"Notepad\"}",
                  "eState": "{\"cursor\":{\"from\":{\"line\":62,\"ch\":13},\"to\":{\"line\":62,\"ch\":13}},\"scroll\":0}"
                }
              ]
            },
            "state": {
              "type": "markdown",
              "state": {
                "file": "400 Content/410 Playtests/411 Pre-Alpha/FoBB Pre-Alpha Character Creation Playtest 2.md",
                "mode": "source",
                "source": true
              },
              "icon": "lucide-file",
              "title": "FoBB Pre-Alpha Character Creation Playtest 2"
            }
          }
        ]
      }
    ],
    "direction": "vertical"
  },
  "left": {
    "id": "929e954e5cb60c17",
    "type": "split",
    "children": [
      {
        "id": "ab1b653bad2d5f8f",
        "type": "tabs",
        "children": [
          {
            "id": "a6e37cf74e473f1f",
            "type": "leaf",
            "pane-relief:history-v1": {
              "pos": 0,
              "stack": [
                {
                  "state": "{}",
                  "eState": "{}"
                }
              ]
            },
            "state": {
              "type": "file-explorer",
              "state": {
                "sortOrder": "alphabetical"
              },
              "icon": "lucide-folder-closed",
              "title": "Files"
            }
          },
          {
            "id": "83529700932e08b6",
            "type": "leaf",
            "pane-relief:history-v1": {
              "pos": 0,
              "stack": [
                {
                  "state": "{}",
                  "eState": "{}"
                }
              ]
            },
            "state": {
              "type": "search",
              "state": {
                "query": "[\"Agility\"]",
                "matchingCase": false,
                "explainSearch": false,
                "collapseAll": false,
                "extraContext": false,
                "sortOrder": "alphabetical"
              },
              "icon": "lucide-search",
              "title": "Search"
            }
          },
          {
            "id": "9170ba57578064fa",
            "type": "leaf",
            "pane-relief:history-v1": {
              "pos": 0,
              "stack": [
                {
                  "state": "{}",
                  "eState": "{}"
                }
              ]
            },
            "state": {
              "type": "bookmarks",
              "state": {},
              "icon": "lucide-bookmark",
              "title": "Bookmarks"
            }
          }
        ]
      }
    ],
    "direction": "horizontal",
    "width": 249.5
  },
  "right": {
    "id": "49465ef008682250",
    "type": "split",
    "children": [
      {
        "id": "877bbe083bdf3e26",
        "type": "tabs",
        "children": [
          {
            "id": "21a3a39b9d203a3d",
            "type": "leaf",
            "pane-relief:history-v1": {
              "pos": 0,
              "stack": [
                {
                  "state": "{}",
                  "eState": "{}"
                }
              ]
            },
            "state": {
              "type": "backlink",
              "state": {
                "file": "400 Content/Fable of the Behemoth Breakers CRB.md",
                "collapseAll": false,
                "extraContext": false,
                "sortOrder": "alphabetical",
                "showSearch": false,
                "searchQuery": "",
                "backlinkCollapsed": false,
                "unlinkedCollapsed": true
              },
              "icon": "links-coming-in",
              "title": "Backlinks for Fable of the Behemoth Breakers CRB"
            }
          },
          {
            "id": "c96e7b9ffcf166bc",
            "type": "leaf",
            "pane-relief:history-v1": {
              "pos": 0,
              "stack": [
                {
                  "state": "{}",
                  "eState": "{}"
                }
              ]
            },
            "state": {
              "type": "outgoing-link",
              "state": {
                "linksCollapsed": false,
                "unlinkedCollapsed": true
              },
              "icon": "links-going-out",
              "title": "Outgoing links"
            }
          },
          {
            "id": "b641892a7e19e179",
            "type": "leaf",
            "pane-relief:history-v1": {
              "pos": 0,
              "stack": [
                {
                  "state": "{}",
                  "eState": "{}"
                }
              ]
            },
            "state": {
              "type": "tag",
              "state": {
                "sortOrder": "frequency",
                "useHierarchy": true
              },
              "icon": "lucide-tags",
              "title": "Tags"
            }
          },
          {
            "id": "7e001cac7aae1208",
            "type": "leaf",
            "pane-relief:history-v1": {
              "pos": 0,
              "stack": [
                {
                  "state": "{}",
                  "eState": "{}"
                }
              ]
            },
            "state": {
              "type": "outline",
              "state": {
                "file": "400 Content/Fable of the Behemoth Breakers CRB.md"
              },
              "icon": "lucide-list",
              "title": "Outline of Fable of the Behemoth Breakers CRB"
            }
          },
          {
            "id": "4c1d635b49143a47",
            "type": "leaf",
            "pane-relief:history-v1": {
              "pos": 0,
              "stack": [
                {
                  "state": "{}",
                  "eState": "{}"
                }
              ]
            },
            "state": {
              "type": "initiative-tracker-view",
              "state": {},
              "icon": "initiative-tracker",
              "title": "Initiative Tracker"
            }
          },
          {
            "id": "28f1459e488ae904",
            "type": "leaf",
            "pane-relief:history-v1": {
              "pos": 0,
              "stack": [
                {
                  "state": "{}",
                  "eState": "{}"
                }
              ]
            },
            "state": {
              "type": "advanced-tables-toolbar",
              "state": {},
              "icon": "spreadsheet",
              "title": "Advanced Tables"
            }
          },
          {
            "id": "9bf97ef14322698a",
            "type": "leaf",
            "pane-relief:history-v1": {
              "pos": 0,
              "stack": [
                {
                  "state": "{}",
                  "eState": "{}"
                }
              ]
            },
            "state": {
              "type": "all-properties",
              "state": {
                "sortOrder": "frequency",
                "showSearch": false,
                "searchQuery": ""
              },
              "icon": "lucide-archive",
              "title": "All properties"
            }
          },
          {
            "id": "6b14215565f3bc95",
            "type": "leaf",
            "pane-relief:history-v1": {
              "pos": 0,
              "stack": [
                {
                  "state": "{}",
                  "eState": "{}"
                }
              ]
            },
            "state": {
              "type": "DICE_ROLLER_VIEW",
              "state": {},
              "icon": "dices",
              "title": "Dice Tray"
            }
          }
        ],
        "currentTab": 5
      }
    ],
    "direction": "horizontal",
    "width": 300,
    "collapsed": true
  },
  "left-ribbon": {
    "hiddenItems": {
      "obsidian-git:Open Git source control": false,
      "workspaces:Manage workspace layouts": false,
      "switcher:Open quick switcher": false,
      "graph:Open graph view": false,
      "canvas:Create new canvas": false,
      "daily-notes:Open today's daily note": false,
      "templates:Insert template": false,
      "command-palette:Open command palette": false,
      "templater-obsidian:Templater": false,
      "obsidian-leaflet-plugin:Open Leaflet Map": false,
      "obsidian-5e-statblocks:Open Creature pane": false,
      "initiative-tracker:Initiative Tracker Encounter Builder": false,
      "darlal-switcher-plus:Open in Headings Mode": false,
      "darlal-switcher-plus:Open Symbols for the active editor": false,
      "table-editor-obsidian:Advanced Tables Toolbar": false,
      "dbfolder:Create a new database table": false,
      "homepage:Open homepage": false,
      "media-extended:Open media": false,
      "markdown-importer:Open format converter": false,
      "obsidian42-brat:BRAT": false,
      "calendarium:Open Calendarium": false,
      "obsidian-excalidraw-plugin:Create new drawing": false,
      "digitalgarden:Digital Garden Publication Center": false
    }
  },
  "active": "727a1b40b5e125b8",
  "ophidian:layout-settings": {
    "pane-relief:focus-lock": false
  },
  "lastOpenFiles": [
    "100 Utilities/110 Reference Notes/112 Pads/Notepad.md",
    "100 Utilities/Home Dashboard.canvas",
    "400 Content/410 Playtests/411 Pre-Alpha/FoBB Pre-Alpha Character Creation Playtest 2.md",
    "100 Utilities/110 Reference Notes/111 Lists/Conditions List.md",
    "New Text Document.txt",
    "300 Staging/test note.md",
    "400 Content/410 Playtests/411 Pre-Alpha/FoBB Character Creation Playtest 1.md",
    "000 Assets/Weapon Placeholder.png",
    "000 Assets/Species Placeholder.png",
    "000 Assets/School Placeholder.png",
    "000 Assets/Job Placeholder.png",
    "100 Utilities/110 Reference Notes/111 Lists/Perks List.md",
    "100 Utilities/110 Reference Notes/111 Lists/Tags List.md",
    "100 Utilities/110 Reference Notes/111 Lists/Crafting Materials List.md",
    "400 Content/Fable of the Behemoth Breakers CRB.md",
    "README.md",
    "Backup Repo/README.md",
    "Backup Repo",
    "New folder",
    "400 Content/410 Playtests/411 Pre-Alpha",
    "100 Utilities/110 Reference Notes/111 Lists/List of Lists.md",
    "100 Utilities/110 Reference Notes/111 Lists/To-Do List.md",
    "100 Utilities/110 Reference Notes/References.md",
    "100 Utilities/110 Reference Notes/112 Pads/Mathpad.md",
    "100 Utilities/110 Reference Notes/112 Pads",
    "100 Utilities/110 Reference Notes/111 Lists",
    "200 Templates/220 Inserter Templates/221 Callout Templates/Equipment (General).md",
    "200 Templates/220 Inserter Templates/221 Callout Templates/Equipment (Armor).md",
    "200 Templates/220 Inserter Templates/221 Callout Templates/Equipment (Weapon).md",
    "200 Templates/220 Inserter Templates/221 Callout Templates/Weapon Statblock Callout.md",
    "200 Templates/220 Inserter Templates/221 Callout Templates/Species Statblock Callout.md",
    "300 Staging/Equipment Tags List.md",
    "200 Templates/220 Inserter Templates/221 Callout Templates/School Statblock Callout.md",
    "200 Templates/220 Inserter Templates/221 Callout Templates/Job Statblock Callout.md",
    "400 Content/Fable of the Behemoth Breakers CRB Test.md",
    "400 Content/410 Playtests/FoBB Character Creation Playtest 1.epub",
    "400 Content/FoBB Character Creation Playtest 1.epub",
    "300 Staging/paper.md",
    "400 Content/410 Playtests",
    "000 Assets/Pasted image 20241109034325.png",
    "200 Templates/220 Inserter Templates/222 Action Templates"
  ]
}