{
  "workspaces": {
    "Main Dev Space": {
      "main": {
        "id": "5324373015726ba8",
        "type": "split",
        "children": [
          {
            "id": "4509724f8bf84da7",
            "type": "tabs",
            "children": [
              {
                "id": "e7a7b303c61786dc",
                "type": "leaf",
                "pane-relief:history-v1": {
                  "pos": 0,
                  "stack": [
                    {
                      "state": "{}",
                      "eState": "{}"
                    },
                    {
                      "title": "Home Dashboard",
                      "icon": "lucide-layout-dashboard",
                      "state": "{\"type\":\"canvas\",\"state\":{\"file\":\"100 Utilities/Home Dashboard.canvas\",\"viewState\":{\"x\":-755,\"y\":-230,\"zoom\":-0.17629600674699394}},\"icon\":\"lucide-layout-dashboard\",\"title\":\"Home Dashboard\"}",
                      "eState": "{}"
                    }
                  ]
                },
                "state": {
                  "type": "markdown",
                  "state": {
                    "file": "400 Content/Fable of the Behemoth Breakers CRB.md",
                    "mode": "preview",
                    "source": true
                  },
                  "icon": "lucide-file",
                  "title": "Fable of the Behemoth Breakers CRB"
                }
              }
            ]
          },
          {
            "id": "a5cb31677f15bebe",
            "type": "tabs",
            "children": [
              {
                "id": "0b460aae9692af77",
                "type": "leaf",
                "pane-relief:history-v1": {
                  "pos": 0,
                  "stack": [
                    {
                      "state": "{}",
                      "eState": "{}"
                    }
                  ]
                },
                "state": {
                  "type": "canvas",
                  "state": {
                    "file": "100 Utilities/Home Dashboard.canvas",
                    "viewState": {
                      "x": -827.3186582809225,
                      "y": -193.84067085953876,
                      "zoom": -0.17629600674699394
                    }
                  },
                  "icon": "lucide-layout-dashboard",
                  "title": "Home Dashboard"
                }
              },
              {
                "id": "b7ec308c11b79c25",
                "type": "leaf",
                "pane-relief:history-v1": {
                  "pos": 0,
                  "stack": [
                    {
                      "state": "{}",
                      "eState": "{}"
                    }
                  ]
                },
                "state": {
                  "type": "markdown",
                  "state": {
                    "file": "300 Staging/To-Do List.md",
                    "mode": "preview",
                    "source": true
                  },
                  "icon": "lucide-file",
                  "title": "To-Do List"
                }
              },
              {
                "id": "b2e8ee2f1cf21556",
                "type": "leaf",
                "pane-relief:history-v1": {
                  "pos": 0,
                  "stack": [
                    {
                      "state": "{}",
                      "eState": "{}"
                    }
                  ]
                },
                "state": {
                  "type": "markdown",
                  "state": {
                    "file": "300 Staging/Tags List.md",
                    "mode": "preview",
                    "source": true
                  },
                  "icon": "lucide-file",
                  "title": "Tags List"
                }
              },
              {
                "id": "8cb991a2d41a217c",
                "type": "leaf",
                "pane-relief:history-v1": {
                  "pos": 0,
                  "stack": [
                    {
                      "state": "{}",
                      "eState": "{}"
                    }
                  ]
                },
                "state": {
                  "type": "markdown",
                  "state": {
                    "file": "300 Staging/References.md",
                    "mode": "preview",
                    "source": true
                  },
                  "icon": "lucide-file",
                  "title": "References"
                }
              }
            ]
          }
        ],
        "direction": "vertical"
      },
      "left": {
        "id": "929e954e5cb60c17",
        "type": "split",
        "children": [
          {
            "id": "ab1b653bad2d5f8f",
            "type": "tabs",
            "children": [
              {
                "id": "a6e37cf74e473f1f",
                "type": "leaf",
                "pane-relief:history-v1": {
                  "pos": 0,
                  "stack": [
                    {
                      "state": "{}",
                      "eState": "{}"
                    }
                  ]
                },
                "state": {
                  "type": "file-explorer",
                  "state": {
                    "sortOrder": "alphabetical"
                  },
                  "icon": "lucide-folder-closed",
                  "title": "Files"
                }
              },
              {
                "id": "83529700932e08b6",
                "type": "leaf",
                "pane-relief:history-v1": {
                  "pos": 0,
                  "stack": [
                    {
                      "state": "{}",
                      "eState": "{}"
                    }
                  ]
                },
                "state": {
                  "type": "search",
                  "state": {
                    "query": "",
                    "matchingCase": false,
                    "explainSearch": false,
                    "collapseAll": false,
                    "extraContext": false,
                    "sortOrder": "alphabetical"
                  },
                  "icon": "lucide-search",
                  "title": "Search"
                }
              },
              {
                "id": "9170ba57578064fa",
                "type": "leaf",
                "pane-relief:history-v1": {
                  "pos": 0,
                  "stack": [
                    {
                      "state": "{}",
                      "eState": "{}"
                    }
                  ]
                },
                "state": {
                  "type": "bookmarks",
                  "state": {},
                  "icon": "lucide-bookmark",
                  "title": "Bookmarks"
                }
              }
            ]
          }
        ],
        "direction": "horizontal",
        "width": 273.5,
        "collapsed": true
      },
      "right": {
        "id": "49465ef008682250",
        "type": "split",
        "children": [
          {
            "id": "877bbe083bdf3e26",
            "type": "tabs",
            "children": [
              {
                "id": "21a3a39b9d203a3d",
                "type": "leaf",
                "pane-relief:history-v1": {
                  "pos": 0,
                  "stack": [
                    {
                      "state": "{}",
                      "eState": "{}"
                    }
                  ]
                },
                "state": {
                  "type": "backlink",
                  "state": {
                    "file": "400 Content/Fable of the Behemoth Breakers CRB.md",
                    "collapseAll": false,
                    "extraContext": false,
                    "sortOrder": "alphabetical",
                    "showSearch": false,
                    "searchQuery": "",
                    "backlinkCollapsed": false,
                    "unlinkedCollapsed": true
                  },
                  "icon": "links-coming-in",
                  "title": "Backlinks for Fable of the Behemoth Breakers CRB"
                }
              },
              {
                "id": "c96e7b9ffcf166bc",
                "type": "leaf",
                "pane-relief:history-v1": {
                  "pos": 0,
                  "stack": [
                    {
                      "state": "{}",
                      "eState": "{}"
                    }
                  ]
                },
                "state": {
                  "type": "outgoing-link",
                  "state": {
                    "linksCollapsed": false,
                    "unlinkedCollapsed": true
                  },
                  "icon": "links-going-out",
                  "title": "Outgoing links"
                }
              },
              {
                "id": "b641892a7e19e179",
                "type": "leaf",
                "pane-relief:history-v1": {
                  "pos": 0,
                  "stack": [
                    {
                      "state": "{}",
                      "eState": "{}"
                    }
                  ]
                },
                "state": {
                  "type": "tag",
                  "state": {
                    "sortOrder": "frequency",
                    "useHierarchy": true
                  },
                  "icon": "lucide-tags",
                  "title": "Tags"
                }
              },
              {
                "id": "7e001cac7aae1208",
                "type": "leaf",
                "pane-relief:history-v1": {
                  "pos": 0,
                  "stack": [
                    {
                      "state": "{}",
                      "eState": "{}"
                    }
                  ]
                },
                "state": {
                  "type": "outline",
                  "state": {
                    "file": "Welcome.md"
                  },
                  "icon": "lucide-list",
                  "title": "Outline of Welcome"
                }
              },
              {
                "id": "4c1d635b49143a47",
                "type": "leaf",
                "pane-relief:history-v1": {
                  "pos": 0,
                  "stack": [
                    {
                      "state": "{}",
                      "eState": "{}"
                    }
                  ]
                },
                "state": {
                  "type": "initiative-tracker-view",
                  "state": {},
                  "icon": "initiative-tracker",
                  "title": "Initiative Tracker"
                }
              },
              {
                "id": "614e88d0eb6d2252",
                "type": "leaf",
                "pane-relief:history-v1": {
                  "pos": 0,
                  "stack": [
                    {
                      "state": "{}",
                      "eState": "{}"
                    }
                  ]
                },
                "state": {
                  "type": "DICE_ROLLER_VIEW",
                  "state": {},
                  "icon": "dices",
                  "title": "Dice Tray"
                }
              }
            ]
          }
        ],
        "direction": "horizontal",
        "width": 300,
        "collapsed": true
      },
      "left-ribbon": {
        "hiddenItems": {
          "workspaces:Manage workspace layouts": false,
          "switcher:Open quick switcher": false,
          "graph:Open graph view": false,
          "canvas:Create new canvas": false,
          "daily-notes:Open today's daily note": false,
          "templates:Insert template": false,
          "command-palette:Open command palette": false,
          "templater-obsidian:Templater": false,
          "obsidian-leaflet-plugin:Open Leaflet Map": false,
          "obsidian-5e-statblocks:Open Creature pane": false,
          "initiative-tracker:Initiative Tracker Encounter Builder": false,
          "darlal-switcher-plus:Open in Headings Mode": false,
          "darlal-switcher-plus:Open Symbols for the active editor": false,
          "table-editor-obsidian:Advanced Tables Toolbar": false,
          "dbfolder:Create a new database table": false,
          "homepage:Open homepage": false,
          "media-extended:Open media": false,
          "obsidian42-brat:BRAT": false,
          "calendarium:Open Calendarium": false,
          "obsidian-excalidraw-plugin:Create new drawing": false
        }
      },
      "active": "e7a7b303c61786dc",
      "ophidian:layout-settings": {
        "pane-relief:focus-lock": false
      },
      "mtime": "2024-11-09T15:05:36-06:00"
    }
  },
  "active": "Main Dev Space"
}